seed,ticks,totalPatients,totalEncounters,totalDeaths,deathsByIcd,avgLosTicks,maxLosTicks,peakBedOccupancy,totalLabOrders,totalMedOrders,totalSurgeryOrders,totalCharges,disasterType,disasterTriggered
0,1000,177,771,3,{"J15":1,"K29":1,"E11":1},78,949,133,500,500,100,100,,false
1,1000,184,776,1,{"T14":1},67,978,133,500,500,100,100,,false
2,1000,191,790,3,{"A15":1,"E11":1,"A91":1},85,982,132,500,500,100,100,,false
3,1000,196,773,4,{"E05":1,"N39":1,"F32":2},81,952,130,500,500,100,100,earthquake,true
4,1000,177,788,4,{"F32":1,"J18":1,"I10":1,"E78":1},80,963,133,500,500,100,100,,false
5,1000,185,769,6,{"N39":2,"E11":2,"E78":1,"A91":1},78,958,133,500,500,100,100,,false
6,1000,178,805,3,{"J45":1,"A91":1,"B86":1},74,981,131,500,500,100,100,,false
7,1000,179,809,7,{"S72":1,"E11":1,"F32":1,"N39":1,"E78":1,"J18":1,"J15":1},88,916,128,500,500,100,100,sunken_ship,true
8,1000,177,782,5,{"K35":1,"J15":1,"A82":1,"A91":1,"J18":1},95,957,126,500,500,100,100,,false
9,1000,183,766,7,{"T63":1,"S72":1,"I05":1,"K80":1,"I10":1,"B50":1,"A09":1},103,992,130,500,500,100,100,,false